name,username,Password,email,Mobile,Address,city,state,pin
Alaric Pabel,apabel0,utmassavolutpat,apabel0@taobao.com,9876543210,8 Veith Parkway Stephen,Richmond,Virginia,569494
Carrie Caroline,ccaroline1,volutpateleifend,ccaroline1@bloglines.com,9876543211,13970 Melody Lane Clove,Cumming,Georgia,933779
Beryle Hillborne,bhillborne2,sedbhillborne2,bhillborne2@si.edu,9876543212,05 Welch Crossing Northfield,Kansas City,Missouri,788396
Dinny Reinhardt,dreinhardt3,metussapien,dreinhardt3@twitpic.com,9876543213,4293 Welch Center 5th,El Paso,Texas,101967
Blair Radley,bradley4,atbradley4,bradley4@harvard.edu,9876543214,085 Mesta Junction Burning Wood,Trenton,New Jersey,453409
Craig O'Halleghane,cohalleghane5,sapienquis,cohalleghane5@booking.com,9876543215,89 Hauk Point Blue Bill Park,Sacramento,California,699604
Roddy Rosenbaum,rrosenbaum6,iaculisdiam,rrosenbaum6@trellian.com,9876543216,76738 Superior Crossing Dottie,Canton,Ohio,588284
Ephrem Bainbridge,ebainbridge7,congueelementum,ebainbridge7@ed.gov,9876543217,269 Crownhardt Drive Shelley,Port Saint Lucie,Florida,524614
Teddy Vitall,tvitall8,vitaetvitall8,tvitall8@tripod.com,9876543218,7269 Hudson Road Northfield,Washington,District of Columbia,842983
Nelli Wadie,nwadie9,elitacnulla,nwadie9@harvard.edu,9876543219,8 Ilene Avenue New Castle,Sacramento,California,879936
Flynn Klaiser,fklaisera,suscipitfklaisera,fklaisera@thetimes.co.uk,9876543220,83 Main Circle Amoth,Charlotte,North Carolina,168414
Luther Bolzmann,lbolzmannb,erattortor,lbolzmannb@goo.ne.jp,9876543221,9 Pine View Terrace Meadow Vale,Dallas,Texas,945605
Brandy Domingues,bdominguesc,metusarcuadipiscing,bdominguesc@trellian.com,9876543222,1 Troy Hill Thierer,Pasadena,California,346974
Christoper Chessman,cchessmand,inpuruscchessmand,cchessmand@aboutads.info,9876543223,126 Buell Street Milwaukee,Louisville,Kentucky,173791
Saleem Greber,sgrebere,ultricessgrebere,sgrebere@accuweather.com,9876543224,372 Swallow Terrace Maple Wood,Rockford,Illinois,912002
Rog Waddoups,rwaddoupsf,inrwaddoupsf,rwaddoupsf@loc.gov,9876543225,52 Corben Circle Vahlen,Dallas,Texas,538388
Jemima Beach,jbeachg,justoaliquam,jbeachg@wordpress.com,9876543226,97 Independence Avenue Mccormick,Tacoma,Washington,747924
Nicolis Ridwood,nridwoodh,noninterdum,nridwoodh@ihg.com,9876543227,96 Eagle Crest Crossing Grasskamp,Montgomery,Alabama,636085
Sharity Poulston,spoulstoni,sociisnatoquepenatibus,spoulstoni@icio.us,9876543228,000 Northfield Crossing Tennessee,Waco,Texas,834418
Hogan Nayshe,hnayshej,volutpateleifenddonec,hnayshej@shop-pro.jp,9876543229,3768 Sheridan Road Welch,Irving,Texas,844723
Friedrich Dunbleton,fdunbletonk,quisjusto,fdunbletonk@kickstarter.com,9876543230,5 Jackson Hill Manufacturers,Washington,District of Columbia,930955
Vin Lehr,vlehrl,antenulla,vlehrl@ycombinator.com,9876543231,4 Browning Road Hooker,Reno,Nevada,623702
Anastassia Emlen,aemlenm,turpisaemlenm,aemlenm@reuters.com,9876543232,66 Annamark Road Clarendon,Peoria,Illinois,738526
Rudy Bernollet,rbernolletn,egetrbernolletn,rbernolletn@topsy.com,9876543233,8 Steensland Trail Caliangt,Milwaukee,Wisconsin,839720
Rutledge Stienton,rstientono,porttitorloremid,rstientono@samsung.com,9876543234,23 Erie Junction Corscot,Las Vegas,Nevada,885111
Jenn Oby,jobyp,gravidajobyp,jobyp@cnet.com,9876543235,41981 Dennis Way Havey,Huntington,West Virginia,590108
Blaine Shawell,bshawellq,molestiebshawellq,bshawellq@miibeian.gov.cn,9876543236,87408 Stone Corner Alley Ridgeview,Houston,Texas,379617
Davidde Hubbard,dhubbardr,vestibulum,dhubbardr@xinhuanet.com,9876543237,707 South Way Harbort,Charlotte,North Carolina,343496
Dorian Grief,dgriefs,quamturpis,dgriefs@netscape.com,9876543238,1514 East Street Mcguire,Huntington,West Virginia,445391
Noam Medlicott,nmedlicottt,proinrisus,nmedlicottt@flickr.com,9876543239,9 Longview Way Banding,Melbourne,Florida,355806
Mala Biagioni,mbiagioniu,ligulambiagioniu,mbiagioniu@noaa.gov,9876543240,3217 Mccormick Pass Pond,Fort Wayne,Indiana,466454
Herta Swayte,hswaytev,imperdietnullamorci,hswaytev@etsy.com,9876543241,12125 Esch Circle Spohn,Omaha,Nebraska,229820
Filippa Kemmet,fkemmetw,justofkemmetw,fkemmetw@e-recht24.de,9876543242,13772 Brickson Park Lane Arrowood,Greeley,Colorado,812829
Dana Hadrill,dhadrillx,necnisidhadrillx,dhadrillx@vkontakte.ru,9876543243,52633 Hallows Hill Burning Wood,Yakima,Washington,209581
Ailsun Hotton,ahottony,crasahottony,ahottony@nytimes.com,9876543244,9 Northfield Court Melvin,Vancouver,Washington,974345
Jori Kinnock,jkinnockz,vestibulumanteipsum,jkinnockz@ucoz.com,9876543245,87 Village Green Park Independence,Dallas,Texas,532999
Dame Stoner,dstoner10,disdstoner10,dstoner10@salon.com,9876543246,82 Ryan Alley Ronald Regan,Kansas City,Kansas,647802
Corbet Cramphorn,ccramphorn11,portaccramphorn11,ccramphorn11@senate.gov,9876543247,63 Rieder Junction Corry,Monticello,Minnesota,304083
Maxwell Dumpleton,mdumpleton12,maecenastincidunt,mdumpleton12@163.com,9876543248,399 Fieldstone Pass Main,Amarillo,Texas,293453
Patrizius Comoletti,pcomoletti13,pulvinarpcomoletti13,pcomoletti13@tuttocitta.it,9876543249,00 Buhler Parkway Colorado,Houston,Texas,845018
Neville Gorvette,ngorvette14,parturient,ngorvette14@slideshare.net,9876543250,5 Redwing Crossing Leroy,Fort Pierce,Florida,522981
Cass Cable,ccable15,duiluctusrutrum,ccable15@bizjournals.com,9876543251,10208 Upham Street Thierer,Stockton,California,324172
Obidiah Minchin,ominchin16,ipsumacominchin16,ominchin16@unblog.fr,9876543252,5 Maywood Lane Randy,Colorado Springs,Colorado,726429
Eugenia Lineham,elineham17,tortorquis,elineham17@bluehost.com,9876543253,80654 8th Pass Meadow Valley,Houston,Texas,583037
Wakefield Simpkin,wsimpkin18,ultriceserat,wsimpkin18@mayoclinic.com,9876543254,4770 Red Cloud Street Dwight,Lexington,Kentucky,857481
Mireille Marshalleck,mmarshalleck19,gravidanisi,mmarshalleck19@mail.ru,9876543255,991 Kinsman Hill Sloan,Austin,Texas,854695
Lynsey Snawdon,lsnawdon1a,semperrutrum,lsnawdon1a@timesonline.co.uk,9876543256,98 Fuller Avenue Kenwood,Harrisburg,Pennsylvania,221727
Guglielmo Wilcocks,gwilcocks1b,etiamfaucibus,gwilcocks1b@mlb.com,9876543257,6 Iowa Avenue Sage,Arlington,Texas,448039
Madelene Faireclough,mfaireclough1c,disparturient,mfaireclough1c@cnbc.com,9876543258,97817 Springview Plaza Morrow,Birmingham,Alabama,527622
Sib Keeping,skeeping1d,lacusskeeping1d,skeeping1d@uol.com.br,9876543259,0 Northwestern Hill Ridgeway,Winston Salem,North Carolina,266810
Cher McCarter,cmccarter1e,quisorcicmccarter1e,cmccarter1e@mapquest.com,9876543260,0 Oneill Alley Becker,Cincinnati,Ohio,525449
Nana Edensor,nedensor1f,quamsapien,nedensor1f@icq.com,9876543261,520 Towne Avenue Maryland,Miami,Florida,186948
Charley Jauncey,cjauncey1g,morbicjauncey1g,cjauncey1g@harvard.edu,9876543262,7670 Ramsey Junction Onsgard,Atlanta,Georgia,475271
Glenda Caldera,gcaldera1h,acleogcaldera1h,gcaldera1h@scribd.com,9876543263,47758 Loomis Point Forest Dale,Troy,Michigan,499185
Calhoun Birkby,cbirkby1i,muscbirkby1i,cbirkby1i@g.co,9876543264,411 Ridge Oak Junction Shopko,Cincinnati,Ohio,735243
Aubrey Bezarra,abezarra1j,plateadictumst,abezarra1j@fema.gov,9876543265,17 Sutherland Hill Pond,Tampa,Florida,830069
Benni Pucknell,bpucknell1k,urnapretiumnisl,bpucknell1k@a8.net,9876543266,0 Lighthouse Bay Alley Carberry,Decatur,Illinois,833296
Leisha Nicol,lnicol1l,suspendisse,lnicol1l@craigslist.org,9876543267,90787 Arrowood Plaza Eagan,San Antonio,Texas,779905
Benedikta Sloey,bsloey1m,liberoutbsloey1m,bsloey1m@skyrock.com,9876543268,6 Lake View Crossing Mccormick,Aurora,Colorado,854465
Ella Grooby,egrooby1n,quamsapien,egrooby1n@cam.ac.uk,9876543269,8 Lawn Hill Mosinee,Albuquerque,New Mexico,219453
Garfield Maren,gmaren1o,velnullaeget,gmaren1o@wordpress.org,9876543270,90 Ridge Oak Circle Melvin,Atlanta,Georgia,334069
Heath Pingstone,hpingstone1p,congueelementumin,hpingstone1p@mayoclinic.com,9876543271,8718 Rigney Crossing Hudson,San Diego,California,278791
Dominica Sollett,dsollett1q,gravidadsollett1q,dsollett1q@seesaa.net,9876543272,48612 Ridgeway Parkway Eastwood,Montgomery,Alabama,101412
Shawn Alexsandrev,salexsandrev1r,enimsalexsandrev1r,salexsandrev1r@yahoo.co.jp,9876543273,7 Cherokee Crossing Granby,Saint Augustine,Florida,521489
Devonna Jordison,djordison1s,pellentesqueultricesmattis,djordison1s@whitehouse.gov,9876543274,27 Grim Terrace Scofield,Gainesville,Florida,403492
Sofia Brandes,sbrandes1t,sitametsbrandes1t,sbrandes1t@hc360.com,9876543275,114 Victoria Road Lindbergh,Tyler,Texas,372699
Mallory Varnam,mvarnam1u,praesentblandit,mvarnam1u@techcrunch.com,9876543276,436 Jackson Place Longview,Charlotte,North Carolina,941162
Ianthe McGarrell,imcgarrell1v,luctusimcgarrell1v,imcgarrell1v@angelfire.com,9876543277,2743 Thierer Place Surrey,Dayton,Ohio,833451
Milka Vennart,mvennart1w,praesentmvennart1w,mvennart1w@4shared.com,9876543278,59597 Miller Crossing Acker,San Francisco,California,752771
Ondrea Estabrook,oestabrook1x,posuerecubilia,oestabrook1x@amazon.co.jp,9876543279,5917 Express Junction Holmberg,Denver,Colorado,172741
Bethany Glencorse,bglencorse1y,sapienbglencorse1y,bglencorse1y@studiopress.com,9876543280,4130 Portage Street Forest Dale,Buffalo,New York,364683
Karisa Pixton,kpixton1z,nullatellusin,kpixton1z@about.com,9876543281,6 Lukken Alley Nobel,Paterson,New Jersey,848547
Alikee Toomey,atoomey20,cursusidatoomey20,atoomey20@cafepress.com,9876543282,1 Vidon Court Daystar,Memphis,Tennessee,857365
Quinn Brownsmith,qbrownsmith21,orciluctus,qbrownsmith21@1688.com,9876543283,0065 Pennsylvania Terrace Gerald,Charlotte,North Carolina,476577
Bevvy Bolden,bbolden22,acestlacinia,bbolden22@gnu.org,9876543284,739 Oakridge Alley Elka,Santa Fe,New Mexico,772281
Rog Alanbrooke,ralanbrooke23,crasralanbrooke23,ralanbrooke23@mediafire.com,9876543285,956 Mayer Circle Dovetail,Young America,Minnesota,370345
Germaine Simonazzi,gsimonazzi24,bibendummorbi,gsimonazzi24@hubpages.com,9876543286,04 Dunning Place Express,Lubbock,Texas,412435
Patti Ceccoli,pceccoli25,intempuspceccoli25,pceccoli25@wunderground.com,9876543287,0714 Cody Road Katie,Hartford,Connecticut,822866
Kylila Cuzen,kcuzen26,diameratfermentum,kcuzen26@google.pl,9876543288,345 Butterfield Park Farwell,Davenport,Iowa,652953
Anna-maria Manolov,amanolov27,atamanolov27,amanolov27@twitter.com,9876543289,52 Hallows Lane Artisan,Hayward,California,800416
Linoel Merveille,lmerveille28,nulladapibusdolor,lmerveille28@technorati.com,9876543290,93 Ridge Oak Circle Memorial,Des Moines,Iowa,308864
Tabina Mansuer,tmansuer29,imperdietnullamorci,tmansuer29@e-recht24.de,9876543291,18 Kinsman Alley Mcguire,Buffalo,New York,964075
Viviyan Burnsell,vburnsell2a,estettempus,vburnsell2a@pbs.org,9876543292,0 Stoughton Center American,Bonita Springs,Florida,757546
Ericka Libreros,elibreros2b,integerac,elibreros2b@fema.gov,9876543293,3405 Marquette Trail Mccormick,Cedar Rapids,Iowa,635813
Joni Poluzzi,jpoluzzi2c,velenimsit,jpoluzzi2c@nifty.com,9876543294,5 Toban Trail Anniversary,Washington,District of Columbia,486272
Wren Hanalan,whanalan2d,elitwhanalan2d,whanalan2d@alibaba.com,9876543295,942 Spaight Junction Waywood,El Paso,Texas,127184
Brook Roebottom,broebottom2e,sapieniaculiscongue,broebottom2e@yale.edu,9876543296,10 Aberg Parkway Shoshone,Charlotte,North Carolina,740645
Allie Piggins,apiggins2f,curabiturgravida,apiggins2f@altervista.org,9876543297,8078 Lyons Drive 7th,Kansas City,Missouri,494716
Keefe Pilbury,kpilbury2g,sitametkpilbury2g,kpilbury2g@artisteer.com,9876543298,93248 Mcguire Road Merry,Portsmouth,New Hampshire,931584
Alvis Jillard,ajillard2h,cursusidturpis,ajillard2h@photobucket.com,9876543299,82 Memorial Hill Golf View,Staten Island,New York,830728
Marley Faill,mfaill2i,liberoutmfaill2i,mfaill2i@canalblog.com,9876543300,6 Dovetail Place Hauk,North Port,Florida,153992
Andria Youell,ayouell2j,massatempor,ayouell2j@bandcamp.com,9876543301,692 Summerview Drive Sloan,Oklahoma City,Oklahoma,530657
Phedra Bonniface,pbonniface2k,diampbonniface2k,pbonniface2k@deliciousdays.com,9876543302,0 Lerdahl Hill Maywood,New York City,New York,752559
Merrile Norewood,mnorewood2l,duisbibendumfelis,mnorewood2l@nydailynews.com,9876543303,132 Hintze Crossing Green Ridge,Washington,District of Columbia,683271
Cole Parkins,cparkins2m,massadonecdapibus,cparkins2m@youtube.com,9876543304,5 Mayer Point Bunting,Tacoma,Washington,250969
Tally Carnier,tcarnier2n,elitproininterdum,tcarnier2n@hc360.com,9876543305,776 Arizona Crossing Michigan,Baltimore,Maryland,728551
Wendeline Carder,wcarder2o,ametturpiselementum,wcarder2o@printfriendly.com,9876543306,837 Dixon Hill Dwight,Pittsburgh,Pennsylvania,241130
Broderick Cowperthwaite,bcowperthwaite2p,orcivehicula,bcowperthwaite2p@google.com.au,9876543307,2358 Lighthouse Bay Way Stoughton,York,Pennsylvania,829757
Daveta Hearsum,dhearsum2q,nislnuncdhearsum2q,dhearsum2q@wisc.edu,9876543308,3658 Charing Cross Avenue Anzinger,Pittsburgh,Pennsylvania,213597
Paulie Epsly,pepsly2r,scelerisquequam,pepsly2r@unc.edu,9876543309,72 Crownhardt Road Scoville,Bridgeport,Connecticut,783276
Salmon Doggett,sdoggett2s,vestibulum,sdoggett2s@google.pl,9876543310,76470 Meadow Vale Place Leroy,Los Angeles,California,392197
Amber Jeune,ajeune2t,sociisajeune2t,ajeune2t@salon.com,9876543311,34432 Eggendart Alley Springs,Philadelphia,Pennsylvania,219685
Tobias Argyle,targyle2u,imperdietetcommodo,targyle2u@photobucket.com,9876543312,4345 Mayer Hill Stone Corner,Honolulu,Hawaii,196204
Borden Camilio,bcamilio2v,nonummyintegernon,bcamilio2v@flavors.me,9876543313,6377 New Castle Crossing Shelley,Milwaukee,Wisconsin,580079
Dale Heathcott,dheathcott2w,vestibulumvestibulumante,dheathcott2w@about.com,9876543314,3531 Dawn Parkway Forest,Cape Coral,Florida,207714
Katalin Sawnwy,ksawnwy2x,ultricesmattis,ksawnwy2x@gizmodo.com,9876543315,12018 South Parkway Havey,White Plains,New York,263030
Lorene Loan,lloan2y,morbilloan2y,lloan2y@reverbnation.com,9876543316,683 Norway Maple Junction Fremont,San Francisco,California,229705
Hamlin Vizor,hvizor2z,loremvitaemattis,hvizor2z@spotify.com,9876543317,3 Porter Center 3rd,Richmond,Virginia,386158
Stephannie Scapelhorn,sscapelhorn30,donecvitaenisi,sscapelhorn30@sogou.com,9876543318,9750 Grayhawk Circle Drewry,Whittier,California,163801
Rayna Bogey,rbogey31,velestrbogey31,rbogey31@google.com.br,9876543319,509 Fisk Drive American Ash,Boulder,Colorado,116361
Hewitt Jurek,hjurek32,vitaequamsuspendisse,hjurek32@qq.com,9876543320,39 Welch Pass Roth,Columbia,Missouri,569812
Lula Duckworth,lduckworth33,necnisilduckworth33,lduckworth33@zimbio.com,9876543321,16280 Crowley Point Moulton,Lexington,Kentucky,473052
Edmund Slaughter,eslaughter34,ineslaughter34,eslaughter34@cbsnews.com,9876543322,4 Bayside Trail Pawling,Colorado Springs,Colorado,798167
Kala Schimpke,kschimpke35,aliquamnon,kschimpke35@narod.ru,9876543323,512 Dexter Center Monica,Tucson,Arizona,849391
Say McVitie,smcvitie36,cumsociis,smcvitie36@exblog.jp,9876543324,58252 Farragut Junction Troy,Fort Worth,Texas,302959
Sully Bynert,sbynert37,etsbynert37,sbynert37@nasa.gov,9876543325,919 Towne Place Lillian,Washington,District of Columbia,215508
Val Goadby,vgoadby38,loremvitaemattis,vgoadby38@apache.org,9876543326,95 Morningstar Court Killdeer,Topeka,Kansas,641107
Simmonds Minillo,sminillo39,lobortisvel,sminillo39@techcrunch.com,9876543327,812 Summer Ridge Alley Mcguire,Naples,Florida,164813
Zorine Gotfrey,zgotfrey3a,duisfaucibus,zgotfrey3a@nps.gov,9876543328,3 Scoville Trail Toban,Columbus,Ohio,277740
Katalin Ridgway,kridgway3b,mikridgway3b,kridgway3b@jimdo.com,9876543329,7170 Welch Crossing Northfield,Chicago,Illinois,874769
Bendite O'Fergus,bofergus3c,convallis,bofergus3c@craigslist.org,9876543330,71 Golden Leaf Trail Raven,San Francisco,California,402795
Roi Heck,rheck3d,utsuscipita,rheck3d@google.co.jp,9876543331,2060 Grover Drive Hallows,Raleigh,North Carolina,429901
Staci Wrates,swrates3e,sapiennonmi,swrates3e@hatena.ne.jp,9876543332,120 Merrick Crossing Waywood,San Antonio,Texas,883149
Opalina Bussen,obussen3f,eumiobussen3f,obussen3f@gnu.org,9876543333,5538 Northland Street Ryan,Evansville,Indiana,594981
Son Dunthorne,sdunthorne3g,nullasdunthorne3g,sdunthorne3g@cornell.edu,9876543334,443 Roth Junction Mesta,Miami,Florida,117884
Ave Cumbes,acumbes3h,justoacumbes3h,acumbes3h@npr.org,9876543335,0 Harbort Circle Bluejay,Cincinnati,Ohio,469623
Cicely Oxtaby,coxtaby3i,morbivestibulum,coxtaby3i@discuz.net,9876543336,39239 Arizona Street Declaration,Reno,Nevada,802935
Sheri Lewsy,slewsy3j,rhoncusslewsy3j,slewsy3j@kickstarter.com,9876543337,8256 Melby Parkway Fairfield,Springfield,Virginia,291998
Claybourne Everil,ceveril3k,diameratceveril3k,ceveril3k@home.pl,9876543338,01 Westend Pass School,Daytona Beach,Florida,620124
Arch Skells,askells3l,plateadictumst,askells3l@slate.com,9876543339,10 Stone Corner Road Transport,Miami,Florida,258174
Koressa Hensmans,khensmans3m,integerkhensmans3m,khensmans3m@kickstarter.com,9876543340,9 Fordem Drive Loeprich,Saint Cloud,Minnesota,376326
Annabal Chiese,achiese3n,eterosvestibulum,achiese3n@admin.ch,9876543341,9647 Oriole Junction Memorial,Tulsa,Oklahoma,862855
Brande Franchyonok,bfranchyonok3o,inbfranchyonok3o,bfranchyonok3o@mysql.com,9876543342,89 Starling Place Doe Crossing,North Las Vegas,Nevada,536296
Nickola McNee,nmcnee3p,utmassanmcnee3p,nmcnee3p@lulu.com,9876543343,216 Sutteridge Pass Fremont,North Little Rock,Arkansas,120559
Laurie Girardini,lgirardini3q,viverraegetcongue,lgirardini3q@nsw.gov.au,9876543344,596 Sutteridge Avenue Ridgeway,Fresno,California,774724
Vi Tolemache,vtolemache3r,ullamcorperpurussit,vtolemache3r@infoseek.co.jp,9876543345,17 Westend Pass Glendale,Memphis,Tennessee,526798
Averyl Corneliussen,acorneliussen3s,necacorneliussen3s,acorneliussen3s@google.it,9876543346,1 Novick Hill Fordem,Escondido,California,994354
Ronica McIlenna,rmcilenna3t,duisacrmcilenna3t,rmcilenna3t@jigsy.com,9876543347,8806 Sutteridge Lane Randy,Buffalo,New York,140476
Ed Tring,etring3u,fermentumdonecut,etring3u@boston.com,9876543348,16245 Ilene Hill Lakeland,Phoenix,Arizona,287849
Bo Aykroyd,baykroyd3v,inconsequat,baykroyd3v@geocities.jp,9876543349,9638 Chinook Point Canary,Fort Worth,Texas,150581
Jacqueline Faulo,jfaulo3w,vestibulum,jfaulo3w@1688.com,9876543350,67 Tomscot Trail Pleasure,New York City,New York,693033
Lammond Aspinal,laspinal3x,ipsumlaspinal3x,laspinal3x@upenn.edu,9876543351,67 Melrose Court Menomonie,Tampa,Florida,263961
Julianne Casey,jcasey3y,lectussuspendisse,jcasey3y@flickr.com,9876543352,120 Farmco Place Myrtle,Fort Lauderdale,Florida,326798
Catrina Kiendl,ckiendl3z,sitametckiendl3z,ckiendl3z@dailymotion.com,9876543353,65 Sunnyside Crossing Glendale,Dallas,Texas,821518
Robinia Skain,rskain40,idmassaid,rskain40@cbc.ca,9876543354,37 Ryan Terrace Anniversary,El Paso,Texas,740299
Coretta Maso,cmaso41,ligulavehicula,cmaso41@baidu.com,9876543355,67 Ruskin Way Golf View,Providence,Rhode Island,888966
Yolande Cordoba,ycordoba42,nequeycordoba42,ycordoba42@google.pl,9876543356,30437 Hagan Parkway Del Mar,Wichita Falls,Texas,658399
Nestor Skey,nskey43,nequeaenean,nskey43@xinhuanet.com,9876543357,07931 Mcguire Terrace Mallory,Las Cruces,New Mexico,475542
Robin Davies,rdavies44,dolorsitamet,rdavies44@elpais.com,9876543358,54754 Northwestern Park Spohn,Milwaukee,Wisconsin,778966
Janie Hewins,jhewins45,tincidunteufelis,jhewins45@cocolog-nifty.com,9876543359,81239 Golf Course Way John Wall,San Antonio,Texas,808070
Callie MacPaik,cmacpaik46,arcusedaugue,cmacpaik46@nhs.uk,9876543360,00144 Hermina Pass Bunker Hill,Macon,Georgia,672005
Tisha Duckwith,tduckwith47,variusuttduckwith47,tduckwith47@elegantthemes.com,9876543361,63 Ilene Center High Crossing,Louisville,Kentucky,932019
Mel Bartlosz,mbartlosz48,pedelibero,mbartlosz48@edublogs.org,9876543362,3 Thompson Hill Luster,Miami,Florida,684993
Hartley Kairns,hkairns49,aeneanfermentumdonec,hkairns49@squarespace.com,9876543363,83 Main Place Morningstar,Irvine,California,883479
Delaney Trundell,dtrundell4a,pulvinarsednisl,dtrundell4a@ameblo.jp,9876543364,9 Truax Plaza Crowley,Harrisburg,Pennsylvania,796976
Somerset Hattam,shattam4b,turpisadipiscinglorem,shattam4b@microsoft.com,9876543365,7 Bobwhite Street Graceland,Wilmington,Delaware,143100
Tim Dast,tdast4c,molestiehendrerit,tdast4c@wp.com,9876543366,31767 4th Trail Shopko,White Plains,New York,825747
Lara Glacken,lglacken4d,duiluctusrutrum,lglacken4d@cpanel.net,9876543367,1370 Vera Point Maple,Atlanta,Georgia,437696
Sterling Alfuso,salfuso4e,sollicitudinvitae,salfuso4e@wordpress.com,9876543368,83 Dakota Park Russell,Tampa,Florida,729738
Mick Harrison,mharrison4f,idpretium,mharrison4f@cbsnews.com,9876543369,09255 Morrow Road Toban,Seattle,Washington,395684
Noelyn Deards,ndeards4g,etndeards4g,ndeards4g@mozilla.com,9876543370,3 South Avenue Talisman,Atlanta,Georgia,601641
Torin Drewet,tdrewet4h,congueetiamjusto,tdrewet4h@smugmug.com,9876543371,904 Bay Point Annamark,Oceanside,California,924340
Olly Flatman,oflatman4i,antevivamustortor,oflatman4i@intel.com,9876543372,10 Oak Road Park Meadow,San Antonio,Texas,916447
Rossie Liebermann,rliebermann4j,donecrliebermann4j,rliebermann4j@g.co,9876543373,8699 Sherman Avenue Susan,Denver,Colorado,747973
Atlante Tapply,atapply4k,curabiturin,atapply4k@soundcloud.com,9876543374,7575 Lawn Drive Sherman,San Diego,California,303095
Carena Fido,cfido4l,posuerecfido4l,cfido4l@smugmug.com,9876543375,5164 Farwell Point Quincy,Salt Lake City,Utah,707028
Torrance Carlone,tcarlone4m,phasellus,tcarlone4m@privacy.gov.au,9876543376,247 Springview Alley Sachs,Tempe,Arizona,705255
Annamarie Chancelier,achancelier4n,luctusachancelier4n,achancelier4n@theglobeandmail.com,9876543377,3 7th Park Sherman,Atlanta,Georgia,891052
Irwin Swiffin,iswiffin4o,rutrumiswiffin4o,iswiffin4o@google.com.au,9876543378,5718 Melby Terrace Heath,Murfreesboro,Tennessee,506332
Moselle Jeyes,mjeyes4p,pedejustoeu,mjeyes4p@prweb.com,9876543379,7 Lighthouse Bay Way Cordelia,San Francisco,California,827005
Marius Twining,mtwining4q,pellentesquevolutpat,mtwining4q@ihg.com,9876543380,03 Fremont Park Marquette,Washington,District of Columbia,561686
Michel Hanmer,mhanmer4r,fringilla,mhanmer4r@nasa.gov,9876543381,07516 Village Lane Nobel,Orlando,Florida,149297
Bryna Ghion,bghion4s,utbghion4s,bghion4s@odnoklassniki.ru,9876543382,8 Saint Paul Circle Sycamore,Hot Springs National Park,Arkansas,144511
Atlante Tregea,atregea4t,dictumstetiamfaucibus,atregea4t@dropbox.com,9876543383,92132 Oak Point Sullivan,New York City,New York,467058
Eliza Lenz,elenz4u,ipsumaliquam,elenz4u@geocities.com,9876543384,7 Atwood Parkway 2nd,Austin,Texas,234621
Lorelle Janacek,ljanacek4v,bibendumimperdietnullam,ljanacek4v@discuz.net,9876543385,7 Pond Crossing Esker,Wilmington,Delaware,597015
Felic Caughte,fcaughte4w,etmagnisdis,fcaughte4w@360.cn,9876543386,4811 Brickson Park Drive Bobwhite,Washington,District of Columbia,866104
Eleonora Vahl,evahl4x,tincidunteu,evahl4x@yandex.ru,9876543387,72730 Pleasure Plaza Steensland,Fort Lauderdale,Florida,285636
Torey McIleen,tmcileen4y,vellectusin,tmcileen4y@wsj.com,9876543388,29062 Banding Terrace New Castle,High Point,North Carolina,737590
Gabriele Matusov,gmatusov4z,nullaegeteros,gmatusov4z@hhs.gov,9876543389,63662 Riverside Pass Longview,Washington,District of Columbia,266152
Angil Illidge,aillidge50,vitaeaillidge50,aillidge50@github.io,9876543390,0 Arkansas Way Debra,Boise,Idaho,134606
Shaughn Couves,scouves51,cumsociisnatoque,scouves51@unblog.fr,9876543391,97016 Dorton Trail Marcy,Austin,Texas,810177
Lynette Runnacles,lrunnacles52,inlrunnacles52,lrunnacles52@google.ru,9876543392,2589 Marquette Center Parkside,Edmond,Oklahoma,431701
Trudie Dabnot,tdabnot53,sagittisdui,tdabnot53@bizjournals.com,9876543393,1779 Saint Paul Point Grayhawk,Topeka,Kansas,527919
Keane Mallinson,kmallinson54,nisikmallinson54,kmallinson54@wufoo.com,9876543394,5007 Daystar Center Utah,Nashville,Tennessee,900943
Rhianon Aicken,raicken55,congueelementum,raicken55@discovery.com,9876543395,9138 Cottonwood Street Village,Huntsville,Alabama,112397
Tiena Thorogood,tthorogood56,eleifendpedelibero,tthorogood56@ucoz.ru,9876543396,250 Oakridge Terrace Homewood,El Paso,Texas,410892
Early Dockwra,edockwra57,semperedockwra57,edockwra57@thetimes.co.uk,9876543397,3675 Service Plaza Meadow Ridge,Roanoke,Virginia,260325
Leesa Darke,ldarke58,craspellentesquevolutpat,ldarke58@pbs.org,9876543398,470 Forest Run Court Green Ridge,Pittsburgh,Pennsylvania,587608
Selina Loakes,sloakes59,vestibulum,sloakes59@comsenz.com,9876543399,41900 Novick Point Hazelcrest,Roanoke,Virginia,892044
Izaak Rosenberg,irosenberg5a,erosvestibulum,irosenberg5a@stanford.edu,9876543400,80163 Waywood Drive Little Fleur,Crawfordsville,Indiana,603147
Mal Deverose,mdeverose5b,velmdeverose5b,mdeverose5b@blogs.com,9876543401,425 Main Alley Monument,Charlotte,North Carolina,505816
Enid Matcham,ematcham5c,proinematcham5c,ematcham5c@exblog.jp,9876543402,2796 Maywood Crossing Homewood,Los Angeles,California,777141
Alecia Tandey,atandey5d,magnaatnunc,atandey5d@google.com.br,9876543403,56 Green Ridge Place Alpine,Washington,District of Columbia,145208
Annnora Candelin,acandelin5e,luctustincidunt,acandelin5e@ustream.tv,9876543404,6321 Northview Crossing Sutherland,Kingsport,Tennessee,362506
Nissie Borrows,nborrows5f,diamnborrows5f,nborrows5f@wordpress.org,9876543405,785 Summit Point Bunting,Saint Louis,Missouri,996708
Ethelbert Vellden,evellden5g,idlobortis,evellden5g@skyrock.com,9876543406,3 Helena Hill Sunbrook,Chattanooga,Tennessee,858965
Rory Jakubovsky,rjakubovsky5h,ametturpiselementum,rjakubovsky5h@acquirethisname.com,9876543407,22 Hagan Parkway Pennsylvania,Phoenix,Arizona,813849
Yevette Glyn,yglyn5i,ridiculusmus,yglyn5i@slideshare.net,9876543408,5 Park Meadow Alley Dovetail,Raleigh,North Carolina,543316
Christyna Pococke,cpococke5j,plateadictumstaliquam,cpococke5j@lycos.com,9876543409,3888 Northland Circle Dorton,Daytona Beach,Florida,122908
